Workbook

Sheet Récap Etude Estimative
A2: Récap. Estimatif PROCREA
A6: Type de travaux | B6: Etimatif Revient HT/m² | C6: P.V U HT | D6: Marge Estimative sur Surface réelle HT | E6: Valeur Surfacturation HT | F6: Marge totale HT
A7: Cloisons 96/70 HYD | B7: =+'Etude détaillée estimative'!D26 -> 11469.912 | C7: =+'Etude détaillée estimative'!D27 -> 16500 | D7: =+'Etude détaillée estimative'!D29 -> 5321833 | E7: =+'Etude détaillée estimative'!D30 -> 873015 | F7: =+E7+D7 -> 6194848
A8: Doublage | B8: =+'Etude détaillée estimative'!D54 -> 6493.7273 | C8: 11000 | D8: =+'Etude détaillée estimative'!D57 -> 1685346 | E8: =+'Etude détaillée estimative'!D58 -> 205810 | F8: =+E8+D8 -> 1891156
A9: Geberit 2 Peaux HYD | B9: =+'Etude détaillée estimative'!D82 -> 9182.2583 | C9: 12500 | D9: =+'Etude détaillée estimative'!D85 -> 716632.2 | E9: =+'Etude détaillée estimative'!D86 -> 1526125 | F9: =+E9+D9 -> 2242757.2
A10: Linteaux Double Ossature | B10: =+'Etude détaillée estimative'!D110 -> 14703.79 | C10: 18000 | D10: =+'Etude détaillée estimative'!D113 -> 331368 | E10: =+'Etude détaillée estimative'!D114 -> 813420 | F10: =+E10+D10 -> 1144788
A11: Total | C11: 29510939 | D11: =SUM(D7:D10) -> 8055179.2 | E11: =SUM(E7:E10) -> 3418370 | F11: =SUM(F7:F10) -> 11473549
E12: Valeur Commission | F12: 1500000
E13: Marge Nette | F13: =+F11-F12 -> 9973549.2
E14: Taux de Marge | F14: =+F13/C11 -> 0.33796109

Sheet Etude détaillée estimative
A2: Estimatif PROCREA
A6: Estimatifs Matériels: Cloisons Ep. 10Cm avec 1 isolants 45mm
B8: Surface Estimative m² | D8: 1058
B9: Hauteur Estimative | D9: 3.38
B10: Linéaire Estimative | D10: =+D8/D9 -> 313.01775
B12: Quantité | C12: PU HT | D12: Montant HT
A13: Rail 70 3ml | B13: 210 | C13: 2118 | D13: =+C13*B13 -> 444780
A14: Montant 70 2,5ml | B14: 690 | C14: 2415 | D14: =+C14*B14 -> 1666350
A15: Cheville à frapper *30 | B15: =+((B13*3)/0.3)/30 -> 70 | C15: 885 | D15: =+C15*B15 -> 61950
A16: Vis auto *1000 | B16: 3 | C16: 6610 | D16: =+C16*B16 -> 19830
A17: Laine de verre 45mm 14,4 | B17: 75 | C17: 30000 | D17: =+C17*B17 -> 2250000
A18: Plaques de plâtre BA13 2,5*1,2 Hydro | B18: =+(D8*2*1.05)/3 -> 740.6 | C18: 6610 | D18: =+C18*B18 -> 4895366
A19: Vis 25 *1000 | B19: 35 | C19: 3305 | D19: =+C19*B19 -> 115675
A20: Enduit de joint | B20: 45 | C20: 8474 | D20: =+C20*B20 -> 381330
A21: Bande à joint | B21: 22 | C21: 3813 | D21: =+C21*B21 -> 83886
A22: Cornière perforée | B22: 100 | C22: 1000 | D22: =+C22*B22 -> 100000
B23: Sans Enduit de finition | C23: Total HT | D23: =SUM(D13:D22) -> 10019167
C24: Total Mat/M² | D24: =+D23/D8 -> 9469.9121
C25: Est MO/M² | D25: 2000
C26: Total EST/M² | D26: =+D25+D24 -> 11469.912
C27: Est Vente.m² | D27: 16500
C28: Marge est./M² | D28: =+D27-D26 -> 5030.0879
C29: Marge est totale | D29: =+D28*D8 -> 5321833
C30: Surplus Facturation | D30: 873015
C31: Marge après refacturation | D31: =+D30+D29 -> 6194848
A34: Estimatifs Matériels: Doublage
B36: Surface Estimative m² | D36: 374
B37: Hauteur Estimative | D37: 3.38
B38: Linéaire Estimative | D38: =+D36/D37 -> 110.65089
B40: Quantité | C40: PU HT | D40: Montant HT
A41: Rail 48 3ml | B41: 80 | C41: 1525 | D41: =+C41*B41 -> 122000
A42: Montant 48 2,5ml | B42: 390 | C42: 1525 | D42: =+C42*B42 -> 594750
A43: Cheville à frapper *30 | B43: 28 | C43: 885 | D43: =+C43*B43 -> 24780
A44: Vis auto *1000 | B44: 3 | C44: 6610 | D44: =+C44*B44 -> 19830
A45: Laine de verre 45mm 14,4 | B45: 0 | C45: 30000 | D45: =+C45*B45 -> 0
A46: Plaques de plâtre BA13 2,5*1,2 Hydro | B46: 132 | C46: 6610 | D46: =+C46*B46 -> 872520
A47: Vis 25 *1000 | B47: 6 | C47: 3305 | D47: =+C47*B47 -> 19830
A48: Enduit de joint | B48: 8 | C48: 8474 | D48: =+C48*B48 -> 67792
A49: Bande à joint | B49: 4 | C49: 3813 | D49: =+C49*B49 -> 15252
A50: Cornière perforée | B50: 0 | C50: 1000 | D50: =+C50*B50 -> 0
B51: Sans Enduit de finition | C51: Total HT | D51: =SUM(D41:D50) -> 1736754
C52: Total Mat/M² | D52: =+D51/374 -> 4643.7273
C53: Est MO/M² | D53: 1850
C54: Total EST/M² | D54: =+D53+D52 -> 6493.7273
C55: Est Vente.m² | D55: 11000
C56: Marge est./M² | D56: =+D55-D54 -> 4506.2727
C57: Marge est totale | D57: =+D56*D36 -> 1685346
C58: Surplus Facturation | D58: 205810
C59: Marge après refacturation | D59: =+D58+D57 -> 1891156
A61: Estimatifs Matériels: GEBERIT 2 Peaux
B63: Surface Estimative m² | D63: 216
B64: Hauteur Estimative | D64: 3.38
B65: Linéaire Estimative | D65: =+D63/D64 -> 63.905325
B67: Quantité | C67: PU HT | D67: Montant HT
A68: Rail 48 3ml | B68: 45 | C68: 1525 | D68: =+C68*B68 -> 68625
A69: Montant 48 2,5ml | B69: 200 | C69: 1525 | D69: =+C69*B69 -> 305000
A70: Cheville à frapper *30 | B70: 15 | C70: 885 | D70: =+C70*B70 -> 13275
A71: Vis auto *1000 | B71: 1 | C71: 6610 | D71: =+C71*B71 -> 6610
A72: Laine de verre 45mm 14,4 | B72: 0 | C72: 30000 | D72: =+C72*B72 -> 0
A73: Plaques de plâtre BA13 2,5*1,2 Hydro | B73: 150 | C73: 6610 | D73: =+C73*B73 -> 991500
A74: Vis 25 *1000 | B74: 4 | C74: 3305 | D74: =+C74*B74 -> 13220
A75: Vis 35 *1000 | B75: 4 | C75: 5932.2 | D75: =+C75*B75 -> 23728.8
A76: Enduit de joint | B76: 5 | C76: 8474 | D76: =+C76*B76 -> 42370
A77: Bande à joint | B77: 3 | C77: 3813 | D77: =+C77*B77 -> 11439
A78: Cornière perforée | B78: 0 | C78: 1000 | D78: =+C78*B78 -> 0
B79: Sans Enduit de finition | C79: Total HT | D79: =SUM(D68:D78) -> 1475767.8
C80: Total Mat/M² | D80: =+D79/D63 -> 6832.2583
C81: Est MO/M² | D81: 2350
C82: Total EST/M² | D82: =+D81+D80 -> 9182.2583
C83: Est Vente.m² | D83: 12500
C84: Marge est./M² | D84: =+D83-D82 -> 3317.7417
C85: Marge est totale | D85: =+D84*D63 -> 716632.2
C86: Surplus Facturation | D86: 1526125
C87: Marge après refacturation | D87: =+D86+D85 -> 2242757.2
A89: Estimatifs Matériels: Linteaux Double Ossature Simple BA13 HYD
B91: Surface Estimative m² | D91: 100.53
B92: Hauteur Estimative | D92: 1.28
B93: Linéaire Estimative | D93: =+D91/D92 -> 78.539062
B95: Quantité | C95: PU HT | D95: Montant HT
A96: Rail 48 3ml | B96: 105 | C96: 1525 | D96: =+C96*B96 -> 160125
A97: Montant 48 2,5ml | B97: 200 | C97: 1525 | D97: =+C97*B97 -> 305000
A98: Cheville à frapper *30 | B98: 35 | C98: 885 | D98: =+C98*B98 -> 30975
A99: Vis auto *1000 | B99: 1 | C99: 6610 | D99: =+C99*B99 -> 6610
A100: Laine de verre 45mm 14,4 | B100: 7 | C100: 30000 | D100: =+C100*B100 -> 210000
A101: Plaques de plâtre BA13 2,5*1,2 Hydro | B101: 70 | C101: 6610 | D101: =+C101*B101 -> 462700
A102: Vis 25 *1000 | B102: 3 | C102: 3305 | D102: =+C102*B102 -> 9915
A103: Vis 35 *1000 | B103: 0 | C103: 5932.2 | D103: =+C103*B103 -> 0
A104: Enduit de joint | B104: 4 | C104: 8474 | D104: =+C104*B104 -> 33896
A105: Bande à joint | B105: 2 | C105: 3813 | D105: =+C105*B105 -> 7626
A106: Cornière perforée | B106: 0 | C106: 1000 | D106: =+C106*B106 -> 0
B107: Sans Enduit de finition | C107: Total HT | D107: =SUM(D96:D106) -> 1226847
C108: Total Mat/M² | D108: =+D107/D91 -> 12203.79
C109: Est MO/M² | D109: 2500
C110: Total EST/M² | D110: =+D109+D108 -> 14703.79
C111: Est Vente.m² | D111: 18000
C112: Marge est./M² | D112: =+D111-D110 -> 3296.2101
C113: Marge est totale | D113: =+D112*D91 -> 331368
C114: Surplus Facturation | D114: 813420
C115: Marge après refacturation | D115: =+D114+D113 -> 1144788
